R_forearm_angle_deg,R_forearm_velocity_m_s,R_forearm_torque_Nm,L_forearm_angle_deg,L_forearm_velocity_m_s,L_forearm_torque_Nm,R_upperarm_angle_deg,R_upperarm_velocity_m_s,R_upperarm_torque_Nm,L_upperarm_angle_deg,L_upperarm_velocity_m_s,L_upperarm_torque_Nm,R_thigh_angle_deg,R_thigh_velocity_m_s,R_thigh_torque_Nm,L_thigh_angle_deg,L_thigh_velocity_m_s,L_thigh_torque_Nm,R_shank_angle_deg,R_shank_velocity_m_s,R_shank_torque_Nm,L_shank_angle_deg,L_shank_velocity_m_s,L_shank_torque_Nm,torso_angle_deg,torso_velocity_m_s,torso_torque_Nm
160.5,0.0,0.42,142.2,0.0,0.66,32.2,0.0,1.39,27.5,0.0,1.14,176.0,0.0,0.92,170.4,0.0,2.22,177.6,0.0,0.23,176.1,0.0,0.36,97.4,0.0,44.57
161.2741935483871,-0.013548387096774195,0.4080645161290322,131.88064516129032,-1.661935483870968,0.8387096774193548,25.322580645161292,1.0825806451612905,1.062258064516129,39.825806451612905,1.9774193548387093,1.3206451612903225,177.17419354838708,-1.1738709677419352,0.7161290322580645,170.99999999999997,-0.26580645161290306,2.3203225806451617,178.441935483871,0.4941935483870968,0.15645161290322582,176.02258064516133,1.1135483870967744,0.3970967741935484,97.28709677419356,0.47774193548387095,47.39645161290322
156.10655737704917,-0.008688524590163931,0.4521311475409836,140.09999999999997,0.01786885245901569,0.6872131147540984,24.675409836065572,0.2731147540983607,1.0503278688524589,33.58688524590164,1.057868852459016,1.2109836065573771,177.6967213114754,-2.754262295081967,0.5844262295081967,169.69508196721316,-0.2408196721311475,2.661639344262295,178.472131147541,-0.37196721311475406,0.15868852459016394,177.14590163934426,0.248360655737705,0.2921311475409836,98.11803278688524,0.08901639344262295,46.70131147540983
154.18021978021977,-0.003846153846153835,0.486043956043956,142.4846153846154,0.08010989010988971,0.6369230769230769,26.906593406593405,0.28186813186813187,1.1512087912087912,31.886813186813196,1.1934065934065934,1.241208791208791,175.4725274725275,-1.5716483516483517,0.7882417582417582,167.789010989011,-0.47857142857142854,2.557472527472527,175.71428571428572,0.278901098901099,0.3161538461538462,174.34285714285716,-0.24428571428571433,0.37791208791208786,97.49450549450547,0.6519780219780219,46.52153846153846
152.54399999999998,0.0031000000000000003,0.5453000000000001,149.733,0.17629999999999996,0.5353,29.142,-1.4168,1.2134,28.169,-0.07220000000000003,1.2357,175.00500000000002,-1.0359,0.9584,168.283,-0.7260000000000001,2.5048000000000004,176.146,0.12550000000000014,0.28870000000000007,174.995,-0.5434,0.34190000000000004,97.653,0.5041,46.48680000000001
151.069,0.012000000000000002,0.5855,151.812,-0.7777,0.5351,33.466,-2.1127,1.2900999999999998,28.386,0.7812,1.2723000000000002,173.95800000000003,0.47480000000000006,1.2532000000000003,169.62000000000003,-1.4704,2.1796999999999995,176.09799999999998,-0.17289999999999994,0.2987,174.93899999999996,0.12620000000000006,0.3507,97.209,0.35739999999999994,47.0507
144.917,-0.0013000000000000036,0.6509999999999999,153.26000000000002,-0.5718999999999996,0.5199000000000001,40.259,-1.5004999999999997,1.3122999999999998,28.34700000000001,1.091,1.2516,173.69199999999998,0.7147999999999998,1.3248,170.10800000000003,-2.2173000000000003,2.0189000000000004,175.997,0.5029,0.30430000000000007,175.39,0.8747999999999999,0.2975,97.29299999999999,0.40019999999999994,47.0586
149.39700000000002,0.006900000000000007,0.5798,149.361,-0.9525000000000001,0.6727000000000001,37.868,-0.3357000000000002,1.2351,31.130000000000006,0.2227999999999998,1.2810000000000001,174.23600000000005,0.22669999999999974,1.5352000000000003,173.14899999999994,-1.3448999999999998,1.8033000000000001,178.21099999999998,-0.17459999999999998,0.20240000000000005,178.32399999999998,1.5014,0.18719999999999998,97.17199999999998,-0.68,47.39150000000001
151.138,0.001899999999999995,0.57,149.578,1.1057999999999997,0.6782,36.427,-0.33140000000000003,1.2565,30.687,-1.0976000000000001,1.2311,173.76500000000007,0.3485999999999997,1.6467999999999998,173.28900000000002,-1.2475,1.7632999999999999,178.19099999999995,0.14990000000000006,0.20220000000000002,178.771,0.6591000000000001,0.1382,97.126,-0.5606,47.0656
159.241,0.0004000000000000005,0.5048,147.695,1.4469,0.7050000000000002,29.432999999999996,-0.4998,1.2578000000000003,32.444,-2.1113999999999997,1.2643999999999997,172.92700000000002,-0.2593,1.8493999999999997,173.33400000000006,-0.7269999999999999,1.7359999999999998,178.549,0.09130000000000006,0.1613,178.92100000000002,0.8014,0.1205,97.51299999999998,-0.7769999999999999,46.62529999999999
156.81199999999998,0.000800000000000006,0.5390999999999999,146.88899999999998,0.7117999999999998,0.6996999999999999,30.951,0.2632999999999999,1.3356000000000001,33.711999999999996,-1.8241000000000003,1.3185999999999998,172.79299999999995,0.4000999999999999,1.8894,173.12300000000002,-0.09440000000000001,1.7867000000000002,178.71000000000004,-0.13540000000000002,0.1442,178.729,0.6988,0.1418,97.53000000000002,-0.30490000000000006,46.5186
153.852,-0.002399999999999996,0.6169,149.93200000000002,-1.5064000000000002,0.6103999999999999,33.547999999999995,0.036900000000000044,1.4267,29.511999999999997,-3.0659000000000005,1.2756,172.849,0.5913,1.8745000000000003,173.05200000000002,-0.0968,1.8129,178.5300000000001,0.5433,0.16549999999999998,178.065,0.5483,0.2181,97.714,0.10500000000000004,46.60149999999999
134.615,0.0070999999999999995,0.6351,132.31599999999997,0.3341999999999997,0.6257,41.927,0.2971000000000001,1.8075999999999999,31.447999999999997,-1.2559,1.4594000000000003,173.51699999999997,1.6628,1.7503000000000002,173.597,0.6607999999999999,1.7148999999999999,178.333,0.7782000000000001,0.19870000000000002,177.82500000000005,1.5251,0.25170000000000003,96.91599999999998,0.046200000000000026,48.1746
126.84299999999999,0.001100000000000003,0.7175000000000002,134.21599999999998,0.42450000000000004,0.5675,43.604,-0.6191,1.8601999999999999,29.184,-0.7985,1.3991,174.211,-0.39749999999999985,1.5782000000000003,173.72100000000006,0.2433000000000001,1.7332999999999996,178.12099999999998,0.895,0.2237,177.56400000000002,-0.16140000000000007,0.2829,97.00300000000001,0.3727000000000001,48.90290000000001
130.31300000000002,-0.0044999999999999945,0.6399,132.56,1.946,0.6030000000000001,40.717000000000006,-2.1826,1.7394999999999998,30.073000000000008,-0.17539999999999994,1.4156999999999997,174.47300000000004,-0.7857,1.4865000000000002,173.21400000000003,-0.09359999999999999,1.8418,178.159,1.1297,0.21660000000000001,178.06400000000002,-0.18430000000000013,0.2235999999999999,97.01599999999999,-0.1442,48.642399999999995
138.05700000000002,-0.005599999999999998,0.5821999999999999,136.89600000000002,0.4155000000000003,0.6585999999999999,35.379,-2.8551000000000006,1.4997999999999998,30.681000000000004,-0.26120000000000004,1.4538,174.405,-0.504,1.4993,172.81799999999998,-0.6634,1.9439999999999997,178.41099999999994,0.004699999999999864,0.18539999999999998,178.61599999999999,-1.3334000000000004,0.1592,97.38599999999998,-0.05159999999999997,48.2277
156.726,-0.013900000000000003,0.5041,147.90800000000002,0.1345,0.6659,27.262999999999998,-2.1658999999999997,1.089,29.653000000000002,-0.01979999999999995,1.3862,173.55899999999997,0.37420000000000003,1.6967,171.734,-0.6711000000000001,2.1977,178.537,-0.28950000000000015,0.16720000000000002,178.824,-0.20100000000000004,0.13410000000000002,97.67200000000001,-0.44019999999999987,46.442400000000006
157.85299999999998,-0.006499999999999997,0.4418000000000001,147.22899999999998,0.2661,0.6933,25.660000000000004,-2.0492000000000004,1.0168,29.378,-0.6110000000000001,1.386,172.798,0.5124,1.8924,171.83399999999995,-0.3738000000000001,2.1652,178.50799999999995,-1.116,0.17009999999999997,178.709,-0.15350000000000003,0.14709999999999998,97.92300000000003,-0.6170999999999998,45.88759999999999
157.65299999999996,0.006800000000000005,0.4397,147.03300000000002,0.6676000000000001,0.6990000000000001,26.655000000000005,0.21349999999999972,1.0453000000000001,30.026999999999997,-0.39960000000000007,1.3923,172.40800000000002,-0.35040000000000004,1.9786,171.74900000000002,0.5076999999999999,2.1752,178.45600000000002,-0.9893000000000001,0.17330000000000007,178.563,0.11770000000000003,0.16340000000000005,98.29799999999997,-0.17909999999999995,45.42199999999999
141.84900000000002,-0.011600000000000006,0.607,139.494,1.9277000000000004,0.8270000000000002,42.138000000000005,1.273,1.3498,38.214999999999996,0.5244000000000001,1.5514999999999999,172.44,0.8655999999999999,2.0127,173.078,0.9297,1.8552000000000002,178.335,-2.5584999999999996,0.19299999999999998,176.733,0.09509999999999998,0.17229999999999998,97.25300000000001,-0.14719999999999991,46.81329999999999
136.27100000000002,-0.1649,0.9331000000000002,134.028,-5.0999,1.0270000000000001,42.446,14.65,1.7016000000000002,40.178,-4.348699999999999,1.7328000000000003,160.783,-8.976899999999999,5.122999999999999,154.66,9.2292,5.0239,163.89300000000003,1.212699999999999,1.2138000000000002,160.06699999999998,-4.8823,1.2572999999999999,104.85800000000003,-1.8432999999999995,43.053200000000004
135.02300000000002,-0.14170000000000002,0.9418,124.535,-3.605399999999999,1.0494999999999999,43.729000000000006,17.920299999999997,1.8140000000000003,37.77,-2.8384000000000005,1.6371,157.40999999999997,-5.395599999999999,6.0346,153.95600000000002,7.406699999999998,5.2879,160.77700000000002,6.0607,1.4397000000000002,158.81399999999996,-4.6238,1.3568,103.557,-1.5970999999999995,42.77380000000001
140.093,-0.15539999999999998,1.0571000000000002,130.345,-6.5053,1.1272,37.586,20.496199999999998,1.7965,37.961,-5.625900000000001,1.9495000000000002,154.608,-7.331599999999998,7.3854,152.06699999999998,7.334099999999998,6.272499999999999,158.299,8.778999999999998,1.9486999999999997,158.02800000000002,-1.7522999999999995,1.4946000000000002,102.63199999999999,-2.3263,42.90249999999999
152.11799999999997,-0.010700000000000008,0.7853999999999999,146.961,-1.7822000000000002,0.7624999999999998,45.35099999999999,3.3083999999999993,1.8384,49.523,0.11160000000000006,2.0734,163.20999999999998,1.9101000000000001,4.7962,163.347,-3.0282,4.198499999999999,166.864,7.9446,1.389,170.43599999999998,2.5056000000000007,0.8466999999999999,96.37799999999997,-0.6417999999999999,44.128
154.174,-0.0017000000000000045,0.8221,160.165,-3.655600000000001,0.6188,54.643,3.0525999999999995,2.1811,63.435,-1.8706,2.5726999999999998,168.422,1.1116000000000004,3.7746999999999997,167.858,-0.32389999999999985,3.8219000000000007,171.37599999999998,3.3139000000000003,1.0957,174.9,3.9784,0.5826,95.71599999999998,-0.6104999999999999,44.257299999999994
146.92,-0.04179999999999999,0.8159000000000001,162.952,-8.766399999999999,0.5379,58.49100000000001,-0.1483999999999999,2.2504000000000004,71.68100000000001,-2.2854,2.6976999999999998,169.916,-4.7886999999999995,3.0806999999999998,168.52399999999997,-3.0841999999999996,3.4324,173.68,2.8419,0.7563,175.34799999999998,-1.4622999999999997,0.5127000000000002,96.12299999999999,-0.17409999999999998,43.4815
147.966,-0.0003,0.7156999999999999,155.255,-1.2170000000000005,0.6301000000000001,48.966,0.48910000000000026,1.9717999999999998,60.952,0.4727000000000001,2.371,171.108,0.36410000000000037,2.5084999999999997,169.59400000000002,-0.3804,2.9599000000000006,175.155,1.2536000000000005,0.5135000000000001,176.69499999999996,0.6475000000000003,0.3308,96.37100000000001,0.6207,43.79859999999999
148.743,0.0016999999999999914,0.7214000000000002,155.329,6.3185,0.6833999999999999,40.437999999999995,-28.537700000000005,1.8569,49.64300000000001,-0.14779999999999988,2.1421,170.94900000000004,16.6693,2.7020999999999997,170.82999999999996,-15.550600000000001,2.7287,176.722,0.6787999999999998,0.40430000000000005,177.63,0.11349999999999995,0.31100000000000005,95.8,1.3003000000000002,42.8447
155.06,-0.00010000000000001772,0.6759000000000001,156.07,6.458299999999997,0.6584999999999998,42.995,-29.58649999999999,1.9704000000000002,53.275,0.6222999999999999,2.2796999999999996,170.81999999999996,16.0183,2.7196999999999996,171.704,-14.7315,2.4715,176.926,-1.4023,0.39169999999999994,177.47400000000002,-0.9266,0.3453,96.12899999999999,1.2152000000000003,41.7887
155.57799999999997,0.00580000000000001,0.7314000000000002,163.82999999999998,8.190499999999997,0.5467,51.903999999999996,-29.377599999999997,2.295,63.718999999999994,0.015299999999999975,2.6151,170.426,17.705499999999997,2.8468,172.396,-13.337499999999999,2.3054,177.12700000000004,-1.3363,0.37620000000000003,177.222,0.1670000000000001,0.381,96.52599999999998,0.9787000000000003,39.9213
152.888,0.0030999999999999995,0.7909999999999998,159.832,3.2772999999999994,0.5316000000000001,63.70099999999999,-0.38419999999999993,2.6119,72.318,-0.12099999999999994,2.7784999999999997,170.449,1.9542999999999997,2.6329000000000002,172.74,-1.6561000000000001,2.0494,176.82100000000003,-1.0644,0.38420000000000004,177.11700000000005,1.6038999999999999,0.33020000000000005,96.23199999999999,0.10859999999999999,41.091300000000004
152.30100000000002,0.15700000000000006,1.2587000000000002,154.67,-157.31939999999997,1.0017,69.53199999999998,33.505300000000005,3.4281999999999995,72.79500000000002,-55.905100000000004,3.2362,166.35899999999998,84.99970000000002,5.909699999999999,168.657,-27.7097,6.508500000000001,173.53000000000003,40.0071,2.9791,173.76100000000002,77.73270000000001,3.3854,95.58600000000003,0.5914999999999999,42.457699999999996
133.08999999999997,0.14800000000000008,1.4357,153.125,-156.87439999999998,1.0495999999999999,64.701,33.204800000000006,3.2716000000000007,70.402,-56.66949999999999,3.1534000000000004,167.245,84.65190000000001,5.630800000000001,168.826,-28.5665,6.426799999999999,173.79299999999995,40.654,2.940999999999999,173.577,77.54629999999999,3.4017,95.31599999999997,0.9283999999999999,43.66530000000001
112.49600000000001,0.15670000000000026,1.5668000000000004,152.73899999999998,-158.56210000000002,1.0634,60.255,33.543600000000005,3.0737999999999994,68.533,-56.33150000000001,3.1025,168.363,83.5567,5.3185,169.42199999999997,-25.367199999999997,6.2593000000000005,174.546,42.7617,2.8468,173.48699999999997,75.4659,3.4092999999999996,95.31899999999997,0.9072,44.892799999999994
116.41599999999998,0.002,0.9989999999999999,159.542,0.21120000000000036,0.6051,49.64900000000001,0.8332999999999999,2.0941,61.554,0.1308,2.4722000000000004,172.56600000000003,3.3072000000000004,2.0251000000000006,174.026,0.9515999999999997,1.6789,177.59,2.3172,0.27879999999999994,176.71100000000007,-1.4478000000000002,0.36469999999999997,96.13099999999997,-0.5708000000000001,43.40829999999999
127.285,0.005800000000000003,0.7936,155.51399999999998,-2.2379,0.6292,43.889,3.1901000000000006,1.8557,51.183,-0.9311000000000001,2.0774999999999997,172.637,2.9431,2.036,173.502,3.0414,1.8159999999999998,176.83399999999995,0.9525,0.38769999999999993,176.78099999999998,-5.0792,0.3655,96.74099999999999,-1.2226,43.596699999999984
153.87,0.0054999999999999945,0.6294,152.578,-5.8340000000000005,0.6454000000000001,48.449,13.665500000000002,1.6735999999999998,49.631,-12.425900000000002,1.8618999999999999,162.856,23.753100000000003,1.9901,164.046,3.9079,2.0549,175.458,1.8619999999999985,0.5187,173.85000000000002,0.2813999999999997,0.7604000000000001,95.866,-1.4495999999999998,43.710300000000004
142.183,-0.007799999999999984,0.5492000000000001,141.65,-5.439500000000001,0.527,41.898,20.035,1.4472,45.916000000000004,7.061099999999999,1.7333999999999998,161.19099999999997,21.3491,2.5204000000000004,163.68699999999998,2.4916,2.1782,174.37599999999995,10.037099999999999,0.6515000000000001,173.74900000000005,0.9475999999999988,0.7785000000000001,94.26199999999999,-0.036799999999999944,45.182599999999994
145.08700000000002,-0.002999999999999994,0.45049999999999996,146.504,-1.8882999999999999,0.4493000000000001,37.167,17.903499999999998,1.2977,40.772000000000006,1.9082000000000017,1.6322,161.132,20.2023,2.6117999999999997,163.707,-0.7980000000000002,2.2469,174.06799999999998,10.836599999999994,0.6393,173.707,-4.7838,0.7635999999999998,94.50800000000001,0.27379999999999993,44.8962
142.841,-0.0013999999999999941,0.4583999999999999,136.435,3.5169000000000006,0.7362000000000001,31.868000000000002,1.3907999999999998,1.4068000000000003,36.671,13.699100000000003,1.8848999999999998,165.06799999999998,-2.8403000000000005,3.7614,171.41400000000004,-1.9244999999999999,2.3993,166.80500000000004,13.423900000000001,0.8214999999999999,173.172,-9.992500000000001,0.4705,93.695,-0.21280000000000016,45.15030000000001
141.819,0.0012000000000000177,0.4106000000000001,127.581,3.411000000000001,0.6934,30.033999999999995,0.2085999999999985,1.3225,26.961,11.437899999999999,1.4687999999999999,162.84900000000002,-7.2883000000000004,3.3665999999999996,168.25800000000004,0.2309000000000006,2.2353,163.78300000000002,14.2268,0.8537,170.028,-10.552200000000001,0.4865,93.902,0.19180000000000008,45.2858
153.282,-0.013999999999999999,0.5206000000000001,139.256,2.3229000000000006,0.7561000000000001,34.063,-6.0455000000000005,1.3681999999999996,27.330000000000005,-1.5592000000000004,1.4191000000000005,163.924,-8.1282,2.8771000000000004,167.85899999999998,0.3674,2.214,165.36,3.6368999999999994,0.6818,170.081,0.0518,0.4792,95.354,-0.14930000000000007,45.8254
147.599,-0.0010999999999999955,0.5606,139.65200000000002,0.6068999999999997,0.5092,37.876,-0.38650000000000007,1.5057999999999998,25.464000000000002,-3.9975000000000005,1.0399,165.895,-5.3931,1.8493000000000002,167.40900000000002,-0.1056000000000003,2.0077,166.718,2.2909,0.508,169.78499999999997,2.5372999999999997,0.4600000000000001,97.30799999999998,-0.8162,44.976099999999995
147.93800000000002,0.0025999999999999986,0.5735000000000001,139.639,-0.8886,0.5771,33.165000000000006,1.0034,1.3209999999999997,29.609000000000005,-0.5509000000000001,1.1591,170.61000000000004,-5.3126,1.332,167.747,3.1137,2.1177,173.903,-0.6978,0.3141,172.53400000000002,0.457,0.44170000000000004,98.85299999999998,-0.39719999999999994,45.395999999999994
148.83,-0.006700000000000003,0.5964000000000002,143.097,-0.7524999999999998,0.6227,32.951,-0.20149999999999998,1.3587,30.123,-0.1092,1.1722000000000001,173.908,1.96,1.4385,171.04699999999997,-1.4122,2.1936,177.192,-1.1234,0.26330000000000003,176.261,0.5394000000000001,0.3618999999999999,100.31199999999998,-0.1497,45.080699999999986
146.992,-0.004900000000000007,0.6125,141.14899999999997,-0.49759999999999976,0.6433,33.86,-0.5775000000000001,1.3580999999999996,30.40299999999999,-0.02509999999999998,1.1834,171.97400000000002,-1.0926000000000002,1.7511999999999999,170.458,-0.8813000000000001,2.1226,176.019,-1.3803,0.3469,174.769,0.9037999999999999,0.4354,101.32299999999998,-0.7497,44.326499999999996
146.694,-0.0002999999999999991,0.6409,143.827,-0.9334999999999998,0.6451,34.236,0.5205,1.3775,29.092,-0.27690000000000015,1.1715,172.91299999999998,-2.4433000000000002,1.5781,170.503,0.10370000000000007,2.1702999999999997,176.455,-0.41080000000000005,0.32349999999999995,175.30099999999996,0.4530000000000001,0.4003,101.92200000000001,-1.7502999999999997,44.93719999999999
145.44899999999998,-0.000899999999999997,0.6717000000000002,144.59799999999998,-0.8615,0.6246,35.504,0.21419999999999995,1.4062999999999997,27.898000000000003,-0.18270000000000003,1.1232999999999997,172.34400000000002,-3.2636000000000003,1.7116000000000002,170.607,0.34639999999999993,2.1648,175.861,-0.4499,0.3839,175.00599999999997,0.17989999999999998,0.43170000000000003,102.89,-1.0802,44.5046
145.55,-0.0009999999999999987,0.6741999999999997,145.21900000000002,-0.9872,0.6176999999999999,35.917,0.9288000000000001,1.4035000000000002,27.400000000000006,-0.5035000000000001,1.068,172.10899999999998,-4.541,1.7503000000000002,170.866,0.8551999999999998,2.0938,175.47500000000002,-0.7387999999999999,0.42,174.558,0.20860000000000004,0.47619999999999996,103.47299999999997,-0.7203,44.284
148.83700000000002,-0.0026999999999999993,0.6793999999999998,152.24900000000002,-0.3214,0.5273,36.663000000000004,0.5611,1.4509999999999998,25.448000000000008,-0.27599999999999997,0.9941000000000002,172.391,-0.6798000000000001,1.8090000000000002,170.24,0.5897999999999999,2.4307000000000003,176.45899999999997,-0.5008,0.34979999999999994,176.13499999999996,-0.07129999999999996,0.3895,105.39400000000002,-0.38520000000000026,42.753499999999995
152.05700000000002,-0.005400000000000001,0.5791000000000001,154.412,-0.38280000000000003,0.48760000000000003,33.53,0.5504000000000001,1.3748999999999998,26.016000000000005,-0.19219999999999998,0.9751000000000002,173.65900000000002,-0.5797,1.5014,167.887,0.2748999999999999,2.937,176.63899999999998,-0.29159999999999997,0.3191,177.332,-0.26399999999999996,0.26539999999999997,106.457,0.4529999999999999,41.6903
155.047,-0.0017999999999999971,0.5018,154.36800000000002,0.0522,0.4768,30.647999999999996,0.2766999999999999,1.2691,26.426999999999992,-0.5612,0.9787,174.50300000000004,-0.4659,1.2891,166.937,-0.08799999999999995,3.1024000000000003,177.18699999999998,-0.118,0.26009999999999994,177.84799999999996,-0.709,0.20540000000000003,105.77300000000001,1.1846,41.645900000000005
155.825,0.001200000000000003,0.4833,151.30800000000002,0.8876999999999998,0.5252,29.535,-0.3178,1.2161,26.765,-0.292,1.0102,173.31799999999998,-0.0035999999999999943,1.5453000000000001,167.98199999999997,0.11430000000000003,2.8525000000000005,177.157,-0.0475,0.263,177.60199999999998,-0.35840000000000005,0.22830000000000003,105.725,0.7941999999999999,41.67719999999999
153.971,0.0020000000000000018,0.5342000000000001,147.46,1.0817999999999999,0.5978999999999999,30.026999999999997,-0.3731999999999999,1.2105000000000001,26.61999999999999,-0.46559999999999996,1.0537999999999998,171.192,0.08860000000000003,2.0370000000000004,171.262,0.0385999999999999,2.1148000000000002,177.38899999999998,0.024400000000000012,0.2471,176.56399999999994,-0.24540000000000003,0.3311,104.87800000000001,0.8531,42.72120000000001
152.276,-0.00020000000000000004,0.5863,144.82299999999998,0.5596000000000001,0.6576,30.490000000000006,0.1291,1.2392,26.69600000000001,-0.33980000000000005,1.1143,170.23899999999998,1.1212,2.2775,173.53400000000002,-0.9661000000000002,1.6348999999999998,177.36300000000003,-0.011699999999999947,0.25820000000000004,175.90399999999997,0.4729,0.4084,103.84500000000001,0.3893,43.88409999999998
152.54299999999998,-0.0007000000000000003,0.5737000000000001,146.442,0.9601000000000001,0.6314000000000001,29.299999999999997,0.20219999999999996,1.2483,25.732999999999997,-0.092,1.1557,172.14600000000002,0.38400000000000006,1.8718000000000001,173.378,-0.23190000000000008,1.7334,177.55900000000003,-0.14679999999999999,0.25360000000000005,176.44800000000004,1.0587,0.3718000000000001,101.13099999999999,0.5134000000000001,45.369800000000005
155.14899999999997,0.000800000000000001,0.5302,147.485,0.5292999999999999,0.6205999999999999,26.986,0.0017999999999999794,1.2182,24.932999999999996,0.1821,1.1914000000000002,174.32299999999998,1.2127000000000001,1.4068999999999996,172.92399999999998,-1.1267,1.8854999999999997,177.97899999999998,-0.0427999999999998,0.2193,176.68199999999996,1.1965999999999999,0.3619,98.454,0.08710000000000001,46.9445
155.90099999999998,-0.0032,0.5114,148.393,0.6391000000000002,0.602,25.452999999999996,-0.518,1.207,24.246,0.6772999999999999,1.2139,176.68900000000002,-0.47549999999999976,0.8765000000000002,171.71099999999998,-0.09699999999999984,2.2156000000000002,178.41499999999996,0.1743000000000002,0.1834,177.375,1.2103,0.3005,96.149,0.12480000000000002,48.14580000000001
152.799,-0.0015999999999999973,0.5052000000000002,145.73899999999998,2.2482999999999995,0.5871,26.882,-1.3611000000000002,1.2507,23.817000000000004,0.9135,1.1829,175.56199999999998,0.11250000000000031,0.9266999999999999,170.134,0.9081,2.29,176.11,1.0363999999999998,0.4174,176.023,0.33679999999999993,0.3716,96.272,-0.0908999999999999,47.453900000000004
145.04000000000002,-0.015600000000000001,0.503,142.89000000000001,1.6223999999999998,0.5599000000000001,28.506999999999994,-1.2892000000000001,1.284,23.215999999999998,1.0077,1.1368,174.76399999999998,2.2935000000000003,0.8989999999999999,169.141,1.2506,2.4135,173.62600000000003,0.6816,0.6927000000000001,175.87699999999998,0.252,0.39250000000000007,96.33699999999997,0.025800000000000056,46.733900000000006
135.94700000000003,-0.006899999999999994,0.49219999999999997,133.679,1.1425,0.5119,28.951999999999998,-0.6503,1.2895999999999999,23.866000000000007,-0.17740000000000017,1.1074,171.862,3.432499999999999,1.0606,165.90199999999996,4.8547,2.2955000000000005,167.976,0.22829999999999995,1.1318000000000001,172.41299999999998,0.5851000000000001,0.5317000000000001,96.45,-0.3035,45.7164
121.99600000000001,0.005099999999999999,0.45479999999999987,119.66499999999998,0.7183000000000002,0.5037,30.729000000000006,-1.0247000000000002,1.3473999999999997,26.977999999999998,-0.44280000000000025,1.1191000000000002,166.987,2.1515,1.3422999999999996,159.585,6.9576,1.9844,160.49400000000003,-1.6207999999999998,1.5535000000000003,163.47500000000002,0.45730000000000004,0.8304,95.97099999999999,-0.2175,44.950500000000005
120.34800000000001,-0.004,0.4734,117.486,-1.0003000000000002,0.4907,29.924999999999997,-0.24150000000000005,1.3273000000000001,27.327,-0.8658000000000002,1.1152,165.255,0.24110000000000015,1.3644,157.03300000000002,6.7101999999999995,1.9016,158.87199999999999,-0.7270999999999997,1.3981000000000001,159.99,0.9815000000000002,0.8094000000000001,95.90099999999998,-0.3485000000000001,45.0849
121.17300000000002,0.0017000000000000032,0.45449999999999996,121.181,0.2051000000000001,0.5352,29.935000000000006,-0.0536000000000001,1.3007,26.943,1.1405999999999998,1.1732,162.16000000000003,0.9606,1.2668000000000001,153.819,-1.7023000000000001,1.8091000000000002,157.749,-0.9839999999999999,1.2832999999999999,154.704,-2.2392,0.9525999999999999,94.375,0.5560999999999998,46.208800000000004
130.217,0.0060000000000000045,0.4715,126.097,-0.8258999999999999,0.5954999999999999,28.802999999999997,-0.6611,1.2692,27.696000000000005,1.7974999999999997,1.2382,162.593,0.3991999999999997,1.2946,154.612,-3.2897,1.7666,159.708,-1.3054999999999999,1.0743000000000003,155.71,-2.8478000000000003,0.8396000000000001,94.192,0.715,47.25990000000001
144.74100000000004,-0.00020000000000001405,0.4895999999999999,139.513,-0.5988999999999998,0.6300999999999999,26.563999999999997,-0.0978999999999999,1.2123,24.772000000000002,2.7762000000000002,1.2693,169.50199999999998,-3.0535,1.0469,164.563,-4.269400000000001,1.8731,169.896,-2.2019,0.6511999999999999,166.67100000000002,-3.761,0.6971999999999998,94.29400000000001,1.0511,48.46100000000001
153.84699999999998,0.008900000000000002,0.47160000000000013,139.13799999999998,-0.6791000000000001,0.6179,24.473000000000003,0.007800000000000153,1.1542000000000001,25.947,1.4465000000000001,1.2503,173.629,1.313199999999999,1.1970999999999998,169.623,-2.6369,1.9455,174.64100000000002,-1.7309999999999999,0.42900000000000005,172.93899999999996,-2.4718,0.5097,95.33400000000002,-0.08690000000000005,48.20309999999999
154.81,0.0006999999999999996,0.4837,140.56699999999998,0.2482999999999999,0.5982999999999999,24.52,-0.32030000000000003,1.1559,26.028000000000002,1.3944,1.2439000000000002,173.17199999999997,-1.4760000000000002,1.4313,170.19700000000003,1.2332,1.9202000000000004,175.05599999999998,-1.9624999999999997,0.39520000000000005,173.398,-2.3587,0.47369999999999995,96.316,-0.07949999999999997,47.330200000000005
157.21,-0.001100000000000003,0.4828,141.422,-0.4239999999999997,0.612,24.657000000000004,-1.1070000000000002,1.1832,26.015000000000004,0.7916,1.2599,173.70199999999997,2.1545000000000005,1.4719,171.53,1.014,1.8907000000000003,175.97,-0.2672,0.35,174.79300000000003,-1.5188,0.4346,96.21500000000002,-0.051299999999999936,47.4176
157.78400000000002,0.0012,0.5184000000000001,146.744,-0.24959999999999993,0.6415000000000001,25.597,-0.5101000000000001,1.2307,25.042999999999996,0.37150000000000005,1.2803,175.13500000000008,-0.3106,1.3053,173.11599999999999,0.9105,1.8788000000000002,177.708,-0.5518,0.2562,176.44199999999992,-0.12960000000000005,0.40740000000000004,96.20900000000002,-0.30249999999999994,48.2079
156.82200000000003,-0.013300000000000001,0.5469999999999999,144.314,2.0212,0.6419999999999999,27.930999999999997,-0.2428,1.2882,24.672000000000004,0.16740000000000002,1.2509000000000001,176.04399999999998,0.2333,1.0851,173.021,0.8307999999999999,1.9274999999999998,178.09899999999993,-0.03189999999999994,0.21520000000000003,176.68999999999997,-0.07349999999999998,0.37970000000000004,95.875,0.22340000000000004,48.948599999999985
155.247,-0.0006999999999999992,0.5393,144.92600000000002,3.6713,0.6028,29.416999999999998,-0.33699999999999997,1.3263,24.178999999999995,-0.2648,1.1947,176.15699999999998,0.4092,1.0351000000000001,172.74200000000002,0.4415,1.9631999999999998,178.548,0.09540000000000003,0.1628,177.22899999999998,-0.2593,0.3111,96.17200000000001,-0.2023,48.82369999999999
155.77499999999998,-0.002500000000000001,0.5158999999999999,147.696,3.4108000000000005,0.5603,29.929000000000006,-0.7846999999999998,1.3481,23.007,-0.004599999999999955,1.1214,174.69899999999998,0.29070000000000007,1.3926999999999998,172.99999999999997,0.07159999999999994,1.8442000000000005,178.716,0.4979,0.1423,177.59699999999998,-0.4268999999999999,0.2644,96.87800000000001,0.055400000000000026,47.815200000000004
154.97699999999998,-0.006399999999999997,0.5174000000000001,151.25,3.8673,0.5175,29.98,-0.8494999999999999,1.339,21.921999999999997,-0.36829999999999996,1.0388,174.06500000000003,0.3981,1.5268000000000004,172.925,-0.5263000000000001,1.8254,178.798,-0.01780000000000001,0.1283,178.00400000000005,0.1489000000000001,0.21630000000000002,98.06300000000002,-0.03640000000000001,46.946499999999986
153.248,0.0007000000000000005,0.5337,148.59900000000002,3.5556,0.636,31.128999999999998,0.4930000000000001,1.3306,28.114,-1.0153999999999999,1.3195999999999999,172.996,-5.1956,1.7992999999999997,173.12200000000004,-0.5168,1.6668999999999996,177.812,1.1758,0.2051,176.81,0.8354,0.3268,97.62099999999998,0.1168,47.2213
150.86199999999997,0.0033000000000000013,0.5732,148.19799999999998,2.7295,0.6276,33.104,-0.18690000000000026,1.3152,31.938999999999997,0.051999999999999956,1.3503999999999998,170.952,-10.944299999999998,1.7635999999999998,169.983,0.41110000000000013,1.8022000000000002,176.68000000000004,6.0360000000000005,0.23519999999999996,175.407,2.2384,0.3581,98.637,0.1875,46.0919
150.55899999999997,0.0039000000000000007,0.5809000000000001,147.33,2.6128000000000005,0.6393999999999999,33.61599999999999,-0.21679999999999963,1.3281,32.644,-0.09110000000000035,1.3776000000000002,170.504,-11.306500000000002,1.8555,169.47299999999998,0.6028,1.9147,176.487,5.9371,0.25410000000000005,175.34800000000004,1.8821000000000003,0.36279999999999984,99.04400000000001,-0.11940000000000003,45.25450000000001
150.264,-0.005099999999999998,0.5566,147.77499999999998,2.3821000000000008,0.6056999999999999,31.854000000000006,0.6266000000000005,1.3073,31.911000000000005,-0.4492000000000004,1.3410000000000002,170.833,-11.250499999999999,1.7562,168.37500000000003,0.8791000000000004,2.1524,176.988,4.874700000000001,0.1985,176.158,1.0627,0.271,99.13900000000001,-0.26020000000000004,44.49470000000001
143.708,0.009299999999999998,0.5692,153.276,0.21810000000000002,0.5064,32.247,-0.25379999999999997,1.4667000000000001,24.441999999999997,0.24919999999999992,1.0993000000000002,174.051,0.3822,1.4703,170.8,0.18169999999999994,2.2654,178.75900000000004,0.11449999999999998,0.13050000000000003,178.275,-0.07260000000000001,0.18080000000000002,99.756,-0.2073,44.8785
143.671,0.001999999999999999,0.5655,153.417,0.10329999999999996,0.5011,31.954000000000004,0.15390000000000006,1.4819999999999995,23.88999999999999,0.185,1.0939,174.38099999999997,-0.06970000000000001,1.4151000000000002,171.083,0.2542000000000001,2.2122,178.77,-0.04150000000000003,0.1313,178.40200000000002,-0.1625,0.17060000000000003,99.05899999999998,-0.07860000000000002,45.56180000000001
143.886,0.0007999999999999956,0.5669,151.497,0.18460000000000004,0.5355000000000001,31.783999999999995,0.21740000000000007,1.4689999999999999,23.996,0.43800000000000006,1.1192,174.27000000000004,0.23029999999999995,1.4632999999999998,171.82800000000003,-0.0909,2.0603999999999996,178.41400000000002,0.10689999999999998,0.1724,177.48,-0.44909999999999994,0.27580000000000005,97.928,0.16340000000000005,46.16440000000001
144.46800000000002,0.002399999999999998,0.5611,150.503,0.24810000000000001,0.5544,31.358999999999995,0.0623,1.433,24.122999999999998,0.8912,1.1316,174.29300000000003,0.3374999999999999,1.4633,171.86900000000006,-0.19199999999999992,2.0617,178.21900000000002,-0.16329999999999997,0.19280000000000005,177.26100000000002,-0.18970000000000004,0.30050000000000004,97.74600000000001,0.31309999999999993,46.2421
153.779,0.001099999999999999,0.5544999999999999,148.083,0.595,0.5937,29.136999999999997,0.3766,1.3147,24.729000000000006,0.6122,1.1631999999999998,174.61600000000007,0.2211,1.3730999999999995,171.80700000000004,-0.17339999999999997,2.0694,178.543,0.05140000000000001,0.1555,176.70899999999997,-0.11310000000000006,0.35449999999999987,97.29800000000002,0.31139999999999995,46.260799999999996
155.329,0.0015,0.5270999999999999,146.61700000000002,0.6164,0.6337,27.825,0.3577999999999999,1.2540999999999998,25.445,0.4817,1.2006000000000001,174.60299999999998,-0.33559999999999995,1.3659000000000003,171.972,-0.14590000000000003,2.0210999999999997,178.803,-0.17529999999999998,0.12650000000000003,176.327,0.31980000000000003,0.3907,97.20800000000001,0.2583,46.31279999999999
156.25600000000003,0.0014999999999999992,0.5099,145.49099999999999,0.23639999999999997,0.6634000000000002,26.802999999999994,0.4987,1.2225,25.759999999999994,-0.19879999999999995,1.2238,174.97299999999998,-0.222,1.2725,171.905,0.22349999999999995,2.046,178.93300000000002,0.145,0.11290000000000001,176.125,-0.12869999999999998,0.41019999999999995,97.17200000000001,-0.2005,46.337399999999995
156.517,0.0008999999999999997,0.5064,146.89600000000002,0.38460000000000005,0.6476,26.967000000000002,0.303,1.2526000000000002,25.384,-0.24000000000000005,1.2142,174.86699999999996,0.1975,1.3115999999999999,172.24999999999997,0.006600000000000002,1.9848000000000001,178.92,0.5704,0.1153,176.077,-0.27899999999999997,0.41850000000000004,97.02799999999999,-0.0659,46.4664
156.014,0.0003000000000000006,0.513,148.13099999999997,-0.3083000000000001,0.616,28.084,0.1611,1.3006,25.211,-0.09110000000000003,1.1979,175.12,0.3077,1.2579,171.993,-0.08120000000000001,2.0587,179.03,0.38959999999999995,0.10430000000000002,176.78400000000002,-0.028000000000000042,0.3461,97.425,0.12240000000000002,46.46169999999999
132.386,-0.0034999999999999988,0.4836,143.00699999999998,-1.672,0.5943999999999999,31.404,0.46779999999999977,1.421,24.822999999999997,-1.4554000000000002,1.1726,170.32200000000003,-0.9020999999999999,1.163,168.1,-0.3876,1.9967,174.81199999999998,-2.7843,0.20000000000000004,172.582,3.4958,0.3708000000000001,96.506,-0.2349,47.162699999999994
126.902,-0.013200000000000003,0.42080000000000006,136.71999999999997,-2.9835999999999996,0.6467999999999999,30.885,0.5810999999999998,1.3314000000000004,25.581999999999997,-1.3058999999999998,1.242,171.167,1.579,0.9272000000000001,168.27300000000002,-4.9061,1.9661000000000004,174.063,-2.8431,0.2784,172.28,4.1346,0.4030999999999999,94.991,0.02400000000000002,48.34389999999999
111.818,-0.0194,0.29589999999999994,116.15900000000002,0.31450000000000017,0.6847999999999999,26.621000000000002,-0.6068000000000003,1.1200999999999999,27.613999999999997,-0.3486999999999998,1.3769999999999998,171.859,2.1189,0.7397,169.82700000000006,-6.084300000000001,1.5725,173.641,-1.5109999999999997,0.33140000000000003,170.66300000000004,4.2265,0.6038999999999999,91.413,-0.3945,49.74879999999999
103.46800000000002,-0.0199,0.19660000000000002,92.56399999999998,2.043,0.7001,18.972,2.9306,0.7537999999999998,29.489,0.4502000000000001,1.4675,172.12300000000008,-2.3598000000000003,0.6822999999999999,170.666,-0.5745,1.3596999999999997,173.66400000000002,-1.9627000000000003,0.3270000000000001,170.63,3.638399999999999,0.6112,89.29400000000001,-1.5604,50.223800000000004
92.322,0.012499999999999982,0.1716,95.25200000000002,3.6454000000000004,0.6969999999999998,17.066000000000003,3.7867,0.7783999999999999,28.835000000000004,2.8240999999999996,1.5381,177.40700000000004,-3.5587000000000004,0.7123,176.171,4.4927,1.1042999999999998,178.04499999999996,1.6399,0.2425,175.961,0.18050000000000005,0.4998,89.02600000000002,0.06409999999999995,52.7779
83.061,0.01220000000000001,0.2076,108.874,0.6816999999999999,0.6701999999999999,18.38,4.1074,0.8745999999999999,24.887000000000004,1.9682000000000004,1.3819,177.674,-5.779100000000001,0.6712999999999998,175.862,5.6991,1.2575999999999998,177.753,0.32419999999999966,0.2955,177.595,-1.6883,0.3166999999999999,90.535,1.5006,54.1174
104.98299999999999,0.0070999999999999995,0.20599999999999993,124.92699999999999,-2.4097000000000004,0.7532,20.851999999999997,0.6032,0.9839,23.837,1.7400000000000002,1.4086,178.403,-4.1055,0.4786000000000001,175.642,0.7084999999999999,1.3471000000000002,177.931,-0.24340000000000014,0.2778,177.347,-1.8231,0.3698,90.19599999999998,2.4292000000000002,55.2333
128.935,0.005399999999999996,0.17010000000000003,128.852,-0.6555,0.8180999999999998,22.245999999999995,0.17540000000000006,1.0164,23.37899999999999,-0.05469999999999999,1.4675,178.45899999999997,-0.21589999999999976,0.3610000000000001,175.50500000000002,-0.9465000000000002,1.2593000000000003,177.28900000000004,0.5124,0.32410000000000005,175.92899999999995,-0.5203,0.5058,88.759,1.0445,56.34650000000001
142.422,0.011700000000000012,0.25439999999999996,120.233,0.11639999999999988,0.7667,22.088,0.6681999999999997,0.9259000000000001,30.211000000000002,-3.5158,1.4331000000000003,163.58,2.4180000000000006,0.6068999999999999,159.247,-1.9920000000000002,1.2864000000000002,168.96599999999998,-1.0277,0.5055000000000001,161.542,-2.9790000000000005,0.5674000000000001,89.95400000000001,-0.0767,53.00119999999999
127.30099999999999,0.005600000000000001,0.34630000000000005,97.832,-1.6824999999999992,0.6559,30.638999999999996,-1.8773000000000002,1.198,45.979,2.2077,1.5385,119.721,5.683500000000001,1.4968000000000001,116.637,-16.278100000000002,2.0103999999999997,144.686,1.5151999999999999,1.0083000000000002,125.28600000000002,-9.654,1.0192,93.008,-0.3651999999999999,48.6769
121.419,-0.00269999999999999,0.43639999999999995,102.306,-2.8869,0.5515000000000001,30.611000000000004,-2.577,1.2124,45.58000000000001,3.1713999999999998,1.4085999999999999,119.77400000000002,2.7360000000000007,1.5681000000000003,116.01900000000002,-15.746700000000002,2.2895,145.20000000000002,2.3794999999999997,0.9728,126.43800000000002,-9.8522,0.9096,95.685,-0.7384,46.602199999999996
102.92699999999999,-0.013900000000000006,0.4049999999999999,85.351,-1.2134,0.5074000000000001,32.989999999999995,-2.6312,1.2624,44.926000000000016,4.384600000000001,1.3181,116.6,1.527299999999999,1.7793999999999999,112.86100000000002,-11.925500000000005,2.3828,139.80899999999997,2.4627999999999997,1.4235,120.862,-9.271399999999998,1.3622999999999998,95.28200000000001,-0.3635999999999999,44.953100000000006
115.434,-0.02040000000000002,0.3515,99.775,1.1373999999999997,0.5541,29.107999999999997,2.0483000000000002,1.3138999999999998,26.926000000000002,0.1270999999999998,1.2538999999999998,163.825,-1.0704000000000005,1.3114000000000001,161.223,-13.861800000000006,2.4829000000000003,165.45100000000002,2.9501999999999997,0.9069999999999997,162.47000000000003,-5.2869,1.1408,94.916,-0.07590000000000002,47.159800000000004
99.463,0.00599999999999999,0.30410000000000004,83.822,2.0833,0.5241,25.316000000000003,-0.3137,1.0536,22.796999999999997,-0.2424000000000001,1.0723,173.31000000000003,-1.4843000000000002,1.0430000000000001,169.80299999999997,1.6278,1.9221999999999997,171.105,0.2972,0.8584,170.796,0.8426,0.9056000000000002,94.36499999999998,-0.18830000000000002,46.85190000000001
102.85,0.0020000000000000013,0.40299999999999997,92.26499999999999,1.2290000000000003,0.5422,26.661999999999992,4.0948,1.0845,23.816,0.6706000000000002,1.085,167.377,-4.5432999999999995,1.5097000000000003,164.25600000000003,-5.6159,2.3472000000000004,167.507,1.2282,0.7688000000000001,167.34600000000003,2.5815,0.7197999999999999,95.088,-1.2185,46.606899999999996
102.21600000000001,-0.001900000000000001,0.38280000000000003,85.105,1.0251000000000008,0.5559000000000001,27.933000000000003,3.5583000000000005,1.0840999999999998,25.338000000000008,1.8288,1.1255000000000002,161.947,-7.0949,1.4093999999999998,158.721,-4.9724,2.4175999999999997,162.37599999999998,0.8770999999999998,0.6954,161.14000000000001,2.1202000000000005,0.6936,94.26599999999999,-1.1452999999999998,46.62330000000001
104.86499999999998,-0.001299999999999995,0.322,87.07700000000001,0.4559,0.6322000000000001,31.557999999999996,2.5657000000000005,1.0877999999999999,25.197000000000013,-3.4191999999999996,1.1092,146.01600000000002,-8.8449,1.4672,143.298,1.5043000000000004,2.5639999999999996,146.542,0.7657999999999996,0.9338999999999997,145.599,-0.5723999999999996,1.0568,91.236,-1.1787,46.5934
115.69600000000003,-0.004900000000000007,0.19060000000000002,83.133,1.2086999999999997,0.6644,32.575,-2.3268,1.0438999999999998,23.513,-4.989599999999999,1.0559000000000003,141.72099999999998,-7.352,1.2888,139.74400000000003,8.861400000000001,2.3367,140.37500000000003,-0.9302000000000001,1.0931,140.641,-3.0367000000000006,1.2289,88.07099999999998,-0.08499999999999995,46.6938
95.81700000000001,-0.004399999999999987,0.13790000000000002,65.555,0.2681000000000003,0.7003,41.144000000000005,-2.8366000000000002,1.1389,20.623999999999995,-5.431700000000001,0.9072,109.26200000000003,-6.351699999999999,2.0345,108.21400000000001,6.541099999999999,2.748700000000001,102.22200000000001,0.06059999999999966,1.8678,104.811,-2.3951,2.0014,81.887,0.057699999999999904,45.023
76.903,0.0018000000000000078,0.12270000000000002,54.88399999999999,-0.5003999999999996,0.6547999999999999,39.977000000000004,-2.5608000000000004,1.1456,18.731,-4.8763,0.8278,104.097,-1.6635999999999997,2.3814,93.87499999999999,10.107999999999999,2.9879999999999995,88.75200000000001,0.4616999999999999,2.5469000000000004,85.31700000000001,-3.157,2.5755,81.73899999999999,0.2851999999999999,45.4101
52.283,-0.0019999999999999966,0.12410000000000002,36.19,0.15800000000000056,0.6574999999999999,37.23800000000001,-2.0866,1.1252,17.869999999999997,-0.6997999999999999,0.7542,104.77099999999999,-3.9095999999999993,2.4686,92.13099999999999,9.612100000000002,2.8122000000000003,85.189,0.03759999999999991,3.1549000000000005,79.024,0.30689999999999995,3.3309999999999995,82.338,-0.08340000000000002,45.1663
39.11300000000001,0.004799999999999997,0.20170000000000002,38.147999999999996,1.1172,0.6804000000000001,31.947999999999997,-0.003499999999999872,1.0997,21.601,-1.4559,0.8412000000000001,123.363,-7.574200000000001,2.0782,110.48900000000002,6.170799999999999,2.3790999999999998,108.957,2.1897000000000015,2.738200000000001,99.12599999999999,-1.0288,2.8949000000000007,86.85699999999997,-0.5649,46.4784
62.796000000000014,-0.0007000000000000056,0.3195,55.273,-1.1339000000000001,0.6356,30.133999999999997,5.735799999999999,1.1373,27.649000000000004,0.6109,1.0833,149.16400000000004,-8.487900000000002,1.6648000000000003,140.92000000000002,1.4320999999999997,2.0553,145.647,5.120000000000002,2.4584999999999995,134.861,1.8766,2.5619,91.50399999999999,-0.5945999999999999,48.02289999999999
76.197,0.010299999999999997,0.4167,61.528,-2.9013,0.5653999999999999,37.744,14.821000000000002,1.3832999999999998,37.330999999999996,-0.26290000000000013,1.3573,135.453,-22.68,1.9163,133.86599999999996,-1.2303000000000002,2.5023,146.555,3.5336000000000003,1.8338000000000003,134.59400000000002,-0.9758999999999998,1.8032,94.4,1.1112,47.60450000000001
93.41999999999999,0.0128,0.46790000000000004,76.49500000000002,-5.269400000000001,0.45890000000000003,34.803000000000004,16.3205,1.2831000000000001,41.37799999999999,-1.6889999999999998,1.5026,134.71899999999997,-21.136899999999997,1.5729999999999997,132.115,2.6015999999999995,2.6119000000000003,150.733,7.075,1.1381000000000001,139.045,-2.8882999999999996,0.9071000000000001,95.431,1.6501,47.77660000000001
92.352,-0.006999999999999993,0.41900000000000004,82.499,-4.1697,0.48830000000000007,31.904,12.4554,1.2124000000000001,37.199,-2.1832999999999996,1.4342,145.03,-15.2773,1.4001000000000001,141.705,2.5671,2.4511,156.235,1.0287000000000013,0.9788000000000001,146.326,-1.8207999999999995,0.9325000000000001,94.333,2.8459,48.4063
105.15900000000002,0.010700000000000005,0.3906000000000001,111.18800000000002,-1.1374000000000002,0.5817999999999999,24.996,2.5303999999999998,1.1167000000000002,27.902,1.8893,1.2078999999999998,170.953,3.1243,0.7895,165.88400000000001,3.8560999999999996,1.8937,173.42899999999997,2.913100000000002,0.44290000000000007,169.88299999999998,-2.6154,0.5479,92.54500000000002,1.2336999999999998,50.5248
121.99600000000001,0.006699999999999994,0.47790000000000005,128.303,0.23809999999999995,0.5920000000000001,25.856000000000005,1.4245,1.153,32.781,4.6579,1.3134999999999997,173.354,1.1241,1.0434999999999999,168.928,1.8655,1.9571,174.22499999999997,1.9140999999999997,0.5009,171.79899999999998,-6.093399999999999,0.6107,94.448,0.8092,49.98670000000001
118.457,0.017400000000000002,0.4556,114.78599999999999,-4.4069,0.6563000000000001,28.658999999999995,0.6992999999999996,1.275,31.776,8.450800000000001,1.2938,169.365,7.636400000000001,1.3146,166.625,2.0285999999999995,1.8071000000000004,170.42300000000003,1.1919999999999995,0.5992000000000001,167.745,-6.9535,0.8491,92.41599999999998,1.3345999999999998,49.92830000000001
120.959,0.005400000000000012,0.5932,111.016,-1.906700000000001,0.9142,38.922000000000004,-0.6991999999999998,1.5945000000000005,39.075,13.824200000000003,1.7384,148.36399999999998,6.6285,2.2473,145.25100000000003,8.631599999999999,1.9648999999999999,158.995,4.101699999999999,0.8220999999999999,153.96499999999997,-14.285300000000001,1.1269,88.956,0.8254000000000002,49.1383
94.96599999999998,0.01530000000000001,0.5062000000000001,85.62199999999999,2.855600000000002,0.9261999999999999,36.653,-0.5066000000000002,1.4193,36.21,10.9967,1.6907999999999996,138.33899999999997,8.7041,2.0728,140.883,2.935099999999998,1.7613000000000003,148.32299999999998,8.7986,1.0173999999999999,146.39799999999997,-15.179300000000001,1.3811999999999998,84.41600000000003,1.6843000000000001,49.03889999999999
95.039,0.023299999999999967,0.6798000000000002,77.36200000000001,26.936499999999995,0.9921,37.358,-36.197599999999994,1.7724000000000004,39.846,10.142800000000001,2.1918,126.39900000000002,-8.767599999999998,4.8442,128.88400000000001,-37.191900000000004,5.0135000000000005,143.53199999999998,13.745,1.3097999999999999,138.70799999999997,15.722699999999998,2.5951,82.93900000000002,0.2661999999999999,46.8547
109.05500000000002,-0.004499999999999941,0.6182,97.78300000000002,23.8052,0.7451000000000002,33.001,-36.51540000000001,1.5541000000000003,36.082,1.5489000000000004,1.775,134.64,-12.071199999999994,4.350000000000001,135.95,-47.096799999999995,4.998400000000001,151.80100000000002,13.827099999999998,1.0272,146.166,25.86230000000001,2.1999,88.07000000000002,-0.11959999999999994,45.1976
141.64800000000002,0.01469999999999998,0.6408,113.397,24.5137,0.8994,30.046000000000003,-36.1385,1.5896,42.36600000000001,2.7038000000000006,1.9169999999999998,151.58700000000002,-11.477599999999995,4.238500000000001,154.265,-47.76250000000001,5.106000000000001,161.46599999999998,10.326099999999999,0.7922,159.732,31.5011,1.8378999999999999,92.041,-0.9277999999999998,45.71710000000001
155.58700000000002,0.010999999999999992,0.4813,121.251,-0.48149999999999976,0.9271000000000003,28.038000000000007,-0.38659999999999994,1.2309999999999999,50.382000000000005,-0.3871999999999998,1.7707,175.58700000000005,-0.6735,1.1880000000000002,172.289,0.8747999999999999,2.0390999999999995,178.544,0.851,0.1575,176.235,0.9446000000000002,0.21439999999999998,96.93099999999998,-0.174,47.7057
144.05100000000002,-0.004700000000000001,0.5168,124.37,-0.5477000000000003,0.8492000000000001,27.838999999999995,-0.2758,1.2419,49.23,-0.2833,1.6683,175.48299999999995,-0.8086999999999999,1.2173000000000003,171.99900000000002,1.1309000000000002,2.1106,178.64699999999996,-0.5831999999999999,0.1481,176.39199999999997,-0.33370000000000005,0.2041,97.767,-0.26730000000000004,47.329800000000006
137.577,-0.0001999999999999924,0.5466000000000001,126.49,-2.4581999999999997,0.7131000000000001,27.07,-0.04529999999999973,1.2309,42.545000000000016,-0.20419999999999974,1.5065999999999997,176.329,-1.1062,0.9537000000000002,171.532,2.1599,2.1275999999999997,177.451,-1.1022999999999998,0.255,177.549,-0.27880000000000005,0.23380000000000006,97.59500000000001,-0.6029000000000001,48.338499999999996
137.165,-0.0062999999999999974,0.5639000000000001,138.694,-1.1128000000000005,0.5057,26.842999999999996,-0.742,1.2267000000000001,28.811000000000003,1.2449,1.2247000000000001,175.854,-0.8187000000000001,1.0553,171.46200000000002,2.2217000000000002,2.1145,177.37599999999998,-2.0057999999999994,0.2607,177.31799999999996,-0.38670000000000004,0.258,97.839,-0.6731,47.8856
141.924,-0.00040000000000000273,0.5357000000000001,142.697,0.22770000000000032,0.5393999999999999,24.886000000000003,0.029900000000000003,1.1672,24.950999999999993,1.0358999999999998,1.156,175.57299999999998,-0.5293000000000001,1.0721999999999998,171.24900000000002,2.2118,2.1298000000000004,177.33300000000003,-0.4800000000000001,0.26100000000000007,177.428,-0.2148,0.23720000000000005,98.39500000000002,-0.9228000000000001,47.50160000000001
140.79100000000003,0.0028999999999999994,0.5883999999999999,140.031,2.402599999999999,0.5554000000000001,27.681000000000004,-1.25,1.3051,24.218000000000004,0.5434,1.1499,174.84400000000002,-0.08260000000000003,1.3026999999999997,171.915,0.4917,2.1039999999999996,178.27700000000004,-0.13700000000000004,0.18099999999999997,177.89,-0.18689999999999998,0.2248,98.90900000000002,-0.5804,46.948299999999996
139.932,0.010300000000000002,0.7056,144.624,1.8711999999999998,0.5047,32.26,-1.8319,1.4255000000000002,23.61900000000001,0.26330000000000003,1.1251,174.96899999999997,-0.15359999999999996,1.2665999999999997,171.567,-0.44290000000000007,2.1946,178.56100000000004,0.17200000000000004,0.15109999999999998,177.63599999999994,-0.6004,0.25400000000000006,99.85700000000001,0.7219,46.56
132.605,-0.0018000000000000067,0.7373000000000001,144.55700000000002,1.6791999999999996,0.4893,40.32900000000001,-1.9626,1.6880999999999997,24.160999999999998,1.8828,1.1667,175.858,0.8771000000000001,1.0665,171.446,-1.0372000000000001,2.2760000000000002,178.315,0.5607000000000001,0.18389999999999998,177.29899999999998,-1.3055,0.29619999999999996,99.556,1.6284,47.4947
121.88699999999999,-0.011799999999999984,0.7436999999999999,143.78900000000002,-3.2923,0.5188999999999999,44.272999999999996,-0.0022999999999997554,1.7893000000000001,23.989999999999995,1.4086000000000005,1.1385999999999998,176.80700000000004,2.6108999999999996,0.8432999999999999,171.34799999999998,-4.0824,2.3284000000000002,178.06799999999998,1.2655,0.22360000000000002,177.41,-1.5860000000000003,0.29719999999999996,98.15199999999999,1.6384999999999998,48.668899999999994
114.92199999999998,-0.013300000000000001,0.6362,136.73100000000002,-2.5622000000000003,0.5428000000000001,41.352000000000004,0.2949000000000001,1.6949000000000003,24.711,1.9778000000000002,1.1536,170.97100000000003,3.4939,0.8832,165.12800000000004,-4.0838,2.3665,171.32800000000003,1.1190999999999998,0.3299,170.53599999999997,-2.0507,0.32189999999999996,96.95300000000002,0.5904,48.2164
120.79,-0.014999999999999982,0.5833999999999999,135.80899999999997,-3.0343,0.5790000000000001,35.587,0.6997000000000001,1.4883999999999997,24.802,-0.34550000000000014,1.1359,170.31799999999996,3.1198999999999995,1.0463,165.266,-4.303599999999999,2.3078,171.354,-0.07509999999999985,0.32370000000000004,170.925,-1.5197,0.2773,96.85499999999998,0.21020000000000014,47.83449999999999
138.60299999999998,-0.004899999999999999,0.5330999999999999,139.24900000000002,1.2388,0.5449,27.252,0.35679999999999995,1.2199,24.69,0.7356,1.1287,169.674,1.7734,1.1782000000000001,164.95300000000003,-2.085699999999999,2.3252,171.801,-1.5244,0.26189999999999997,171.0,-1.3357999999999999,0.25379999999999997,98.04700000000001,0.12280000000000008,46.246900000000004
146.04500000000002,0.011,0.575,148.998,0.11209999999999994,0.5523,26.798000000000002,0.32300000000000006,1.2152999999999998,23.857,-0.6135,1.0957000000000001,175.24200000000002,0.23399999999999987,1.2038,171.04200000000003,2.6659999999999995,2.3004,178.78099999999998,-1.4184999999999999,0.12860000000000002,178.23,-0.6040000000000001,0.18720000000000003,99.22699999999999,0.0714,46.397
147.514,-0.007299999999999998,0.5871,150.161,1.4245,0.5533000000000001,29.013,0.6672,1.2437,24.640000000000004,-0.6311000000000001,1.1197000000000001,175.16899999999998,-0.3651,1.2101,170.979,0.5145000000000001,2.3186999999999998,178.74800000000002,-0.5916999999999999,0.13040000000000002,177.98,-0.15510000000000004,0.2116,100.02600000000001,-0.14519999999999997,46.2878
143.696,0.0007000000000000051,0.5600999999999999,143.641,0.6842000000000001,0.5668,29.953999999999997,-0.6170000000000002,1.2485,24.327999999999996,0.1075,1.1037000000000001,174.54799999999994,0.16020000000000006,1.3907999999999998,172.09099999999998,-0.5839,2.0571,178.35600000000005,0.3075,0.1803,177.31399999999996,0.42010000000000014,0.29480000000000006,98.835,0.17709999999999992,46.971399999999996
117.72,0.0329,0.5634,119.34400000000001,-0.4285999999999964,0.8210999999999998,38.869,-15.2728,1.5089,30.02999999999999,-2.3006999999999995,1.2990000000000002,165.02200000000002,14.567500000000003,2.7578000000000005,165.47699999999998,-2.5007999999999995,3.3631,159.97099999999998,19.6443,1.0968,161.483,-1.6931000000000003,1.048,96.41799999999999,-0.7431,45.8938
76.696,0.02280000000000002,0.4998,110.166,-2.772099999999997,0.8756999999999999,46.221000000000004,-15.279399999999999,1.8467000000000002,27.009,-0.8033999999999999,1.1821000000000002,164.766,14.814400000000001,2.8851,164.34799999999998,-2.597299999999998,3.7695999999999996,158.047,18.549400000000002,1.3222999999999998,159.96999999999997,-1.6742000000000001,1.229,95.21900000000001,-0.8081,45.14959999999999
61.83000000000001,0.019699999999999995,0.5036,88.28399999999999,-3.1439999999999997,0.9440000000000001,48.052,-15.578200000000004,2.0441,29.462999999999997,-0.4478999999999982,1.3322999999999998,164.782,14.804400000000003,2.9752000000000005,162.75400000000002,-4.439899999999998,4.3122,155.832,19.645500000000002,1.5982000000000003,158.986,-2.500999999999999,1.3476,94.053,-1.3209,44.39090000000001
38.398,0.033000000000000015,0.44249999999999995,82.49000000000002,-4.866600000000001,0.7547000000000001,52.227,-0.5672999999999998,2.3996,28.19,-0.1904000000000001,1.3268,168.116,16.5251,2.6073000000000004,165.68599999999998,-14.9677,3.9730000000000003,165.803,4.548500000000001,1.1108000000000002,170.861,-1.0906000000000002,0.6628000000000002,94.632,0.10670000000000006,44.2859
77.869,0.0114,0.6537000000000001,67.131,-1.8247999999999995,0.9246999999999999,50.994,-0.24890000000000007,2.3012,28.300000000000004,-0.14160000000000003,1.4022000000000003,171.08900000000003,-0.3651999999999999,2.5976,169.81199999999998,-2.9610000000000003,3.0069000000000004,171.80599999999998,0.33650000000000035,0.85,176.01600000000002,-1.8141,0.4248999999999999,94.97499999999998,-0.002099999999999982,44.541
97.476,0.006599999999999999,0.7345999999999999,84.46500000000002,-1.0853999999999997,1.0625,56.052,-0.30169999999999997,2.4131000000000005,28.636000000000003,-0.9708,1.4304,170.026,-0.5254,2.8904,171.45199999999997,-2.5465,2.5159000000000007,173.94999999999996,-0.3831,0.5662,177.065,-1.0546,0.2718,95.08400000000002,0.3025,44.874900000000004
137.561,0.005900000000000002,0.9866999999999999,81.00700000000002,1.2243000000000002,1.1493999999999998,57.06399999999999,0.3267,2.3904,27.146999999999995,-1.2794,1.4308,169.95399999999998,-1.7066999999999999,2.873499999999999,171.62599999999998,-0.11110000000000028,2.4412999999999996,175.73100000000002,-0.8806999999999999,0.38059999999999994,176.62399999999997,-1.0133,0.3042,95.44,0.2403,44.849800000000016
138.14800000000002,-0.0008000000000000016,1.0014,73.889,1.2718000000000003,1.071,58.37400000000002,0.35590000000000016,2.4866,37.07300000000001,-1.3985000000000003,1.8398000000000005,169.423,-1.2151000000000003,3.0903000000000005,170.871,0.07960000000000007,2.7079000000000004,174.80700000000004,-0.2838999999999999,0.4918,176.82000000000005,-1.2089,0.299,95.478,-0.6023,44.7668
138.745,-0.004300000000000006,0.9885,64.031,-0.6280999999999999,0.9975000000000002,57.176,0.07750000000000014,2.4992,40.931999999999995,-1.2053999999999998,1.9916000000000003,169.53,-0.7877000000000001,3.0568,169.875,-1.3816000000000002,2.9855,173.20499999999996,-1.5389,0.6668000000000001,176.42700000000002,-1.6398000000000001,0.3432,95.859,-1.0736999999999999,44.286300000000004
139.32,0.001999999999999998,0.9802,52.349000000000004,-1.0849000000000004,0.9978,58.039000000000016,-0.3913000000000001,2.4941999999999998,39.980000000000004,0.13330000000000006,1.9385,169.12799999999996,1.3322,3.1509000000000005,168.986,-0.7131999999999998,3.1819,172.33500000000004,0.883,0.7572,176.97299999999998,-1.3408000000000002,0.2887,95.551,-1.0103,44.22639999999999
150.573,-0.00030000000000000415,0.91,60.693000000000005,-3.0469000000000004,1.108,54.91799999999999,-1.0153,2.3781,31.222,0.7704000000000001,1.6153000000000004,170.72699999999998,3.1516,2.6604999999999994,169.062,-1.4218000000000002,3.1453,172.485,4.217300000000001,0.7181000000000001,177.026,-1.2099000000000002,0.28450000000000003,95.546,-1.0004,45.07000000000001
128.05200000000002,-0.0232,0.6948000000000001,85.619,-0.12919999999999987,1.0514,44.48699999999999,0.9092,1.9439999999999997,31.25,-0.1094,1.6130000000000002,171.25699999999998,0.9786000000000001,2.4939999999999998,169.66999999999996,1.1432000000000002,2.9685000000000006,174.33000000000004,4.2374,0.5385000000000001,177.35500000000005,-1.0094,0.25360000000000005,94.74199999999999,-1.2104,45.64029999999999
91.977,-0.029800000000000004,0.4032,92.522,-0.5861000000000002,0.9755000000000003,31.576999999999995,2.5216000000000007,1.4997000000000003,31.827999999999996,0.19540000000000007,1.6775,171.35300000000004,1.2489000000000001,2.5014,170.44499999999996,-0.3923000000000002,2.7702000000000004,173.88,2.379,0.6119,177.20100000000002,0.2016999999999998,0.29259999999999997,94.11000000000001,-0.7525999999999999,46.15560000000001
88.74000000000002,-0.0128,0.3191,87.985,-0.16829999999999998,0.8911999999999999,28.137000000000004,2.2537000000000003,1.3861999999999997,31.055999999999997,0.2812999999999997,1.6447999999999996,171.28099999999998,0.25079999999999986,2.5244999999999997,170.11899999999997,0.7739,2.888,175.02300000000002,1.979000000000001,0.5236999999999999,176.833,0.2392999999999998,0.3482999999999999,94.17200000000001,-0.20009999999999994,46.295199999999994
100.07700000000001,0.01629999999999999,0.41200000000000003,70.96600000000001,-1.5245000000000002,0.8838999999999999,33.497,0.44510000000000005,1.5541,28.235,0.9351000000000002,1.5133,171.541,0.8935999999999997,2.3992999999999998,169.915,-0.46910000000000013,2.8714,175.88700000000006,-0.5554999999999997,0.4447,176.899,1.0724999999999998,0.3404,94.09599999999999,0.25559999999999994,46.4885
119.807,0.024299999999999992,0.521,48.403999999999996,-0.8869,0.8987999999999998,36.996,-1.3433,1.6938,22.482,0.0886000000000001,1.2928,172.19500000000005,0.4747999999999999,2.2117999999999998,168.97299999999998,0.5728,3.0976000000000004,176.98600000000002,-0.31479999999999947,0.32650000000000007,177.248,1.5266000000000002,0.304,95.01899999999998,0.04789999999999995,46.56050000000001
136.25300000000004,-0.0015000000000000035,0.6086,48.89500000000001,-2.0695,0.8771,44.84400000000001,-0.7049999999999998,1.9935999999999996,22.59,0.2918,1.2878999999999998,172.68300000000002,-0.6224,2.0836,168.673,0.3803999999999999,3.1575,177.108,-0.22349999999999937,0.2864,177.64499999999995,0.9994,0.24959999999999996,95.40399999999998,0.27279999999999993,46.13219999999999
134.52700000000002,0.0004999999999999877,0.6748999999999999,46.58700000000001,-0.4336999999999998,0.8797000000000001,48.799,-0.45470000000000005,2.1598,22.204,-0.1038999999999998,1.2683,173.36900000000003,-0.7675000000000002,1.8812,168.705,0.6663999999999999,3.0949999999999993,177.825,-2.26,0.21649999999999994,178.04600000000002,-0.0934,0.20310000000000003,96.286,0.17010000000000003,45.846599999999995
130.866,0.006999999999999995,0.9681000000000001,45.17,-0.5859,0.8743999999999998,51.81799999999999,-0.765,2.2992000000000004,21.869,0.08620000000000015,1.2441,173.882,0.02290000000000022,1.7327,168.02599999999998,-0.30640000000000006,3.26,177.83199999999997,-2.1081,0.21109999999999998,178.357,-0.046000000000000034,0.16809999999999994,96.76100000000001,0.24610000000000004,45.809499999999986
101.414,-0.0081,1.0797999999999999,42.168,-0.28029999999999994,0.8586999999999999,48.625,-0.6148,2.1898999999999997,21.346000000000004,-0.09539999999999996,1.2213,173.98199999999997,-0.28319999999999995,1.6963,168.27400000000006,0.7687999999999999,3.1639,178.21599999999995,-0.4653,0.18089999999999995,178.37499999999997,0.17679999999999996,0.16839999999999997,96.18700000000001,-0.08380000000000001,46.28090000000001
94.17099999999996,-0.002099999999999999,1.1185999999999998,41.019000000000005,-0.23020000000000007,0.8157,47.321000000000005,-0.5492,2.0876,20.836000000000002,0.09670000000000004,1.1922,173.87800000000004,-0.33209999999999995,1.7094999999999998,167.65900000000002,0.3388999999999999,3.2974,177.68099999999995,0.06850000000000023,0.2237,178.70399999999998,-0.07020000000000003,0.1357,96.19999999999999,-0.0357,45.8841
84.33099999999999,-0.015499999999999998,0.8657999999999998,54.025,0.48780000000000023,0.7815000000000001,40.475,-0.4104999999999999,1.8037,20.008,1.2945000000000002,1.1635999999999997,173.95800000000003,-0.4507000000000001,1.6885,168.579,0.4603000000000001,3.0958000000000006,177.15600000000003,1.6709000000000003,0.2947,178.197,0.10109999999999986,0.2026,95.727,0.030899999999999997,46.1647
84.939,-0.011500000000000005,0.6048,69.95,-0.7113999999999996,0.8022,34.477,-3.0707999999999998,1.5414,21.395000000000003,0.7816,1.1945999999999999,173.8009999999999,-2.3920999999999997,1.7135,170.75900000000001,-0.6126000000000001,2.5660000000000003,176.61800000000002,-0.04689999999999969,0.39429999999999993,177.388,-0.7505,0.30999999999999994,95.608,0.23949999999999996,47.168099999999995
80.191,-0.004200000000000001,0.4293,74.28000000000002,-0.5935999999999995,0.8177,28.760000000000005,-3.9186999999999994,1.3695999999999997,21.823,-0.013099999999999987,1.2166000000000003,173.918,-2.3773000000000004,1.6926999999999999,171.366,-0.02499999999999991,2.4787,175.445,1.3929000000000007,0.4942,177.0,-1.1229999999999998,0.35979999999999995,95.34300000000002,-0.4447,47.3905
91.38799999999999,0.013500000000000002,0.32589999999999997,76.417,1.1391000000000002,0.8748999999999999,21.909000000000002,-1.2356999999999998,1.1227,25.054000000000002,-1.3806,1.3381000000000003,173.754,-1.9004000000000003,1.7325,171.87400000000002,0.17860000000000018,2.3561000000000005,174.368,1.6899000000000006,0.5779,176.563,-2.3042,0.3838999999999999,95.77600000000001,-0.5541,47.289399999999986
114.08100000000002,-0.013200000000000003,0.3329,48.327000000000005,0.5963999999999998,0.9444999999999999,25.746000000000002,-0.6492000000000003,1.2404000000000002,31.555,-1.7729000000000001,1.4894999999999998,172.239,-1.2561000000000002,2.1221,172.27000000000004,0.9853000000000001,2.2046,174.48800000000003,4.016,0.5337,177.20399999999998,-0.3575,0.303,96.09499999999998,-0.5900000000000001,46.8781
121.111,0.15839999999999999,0.26739999999999997,46.87,14.040700000000001,1.0299999999999998,36.391,1.3988999999999998,1.3007,44.31399999999999,9.5343,1.7710000000000006,167.148,-2.0441999999999996,2.5178,170.75400000000002,-3.1771999999999996,2.0523,171.09999999999997,15.980699999999999,0.6693000000000001,174.49799999999996,-3.2362000000000006,0.3037,97.61399999999999,-0.03380000000000006,45.610400000000006
119.56899999999997,-0.05729999999999999,0.4645,52.309,20.0637,1.122,63.137,-5.0741,1.3367000000000002,63.496,-4.787099999999999,1.7591999999999999,154.726,-8.031600000000001,3.1430999999999996,157.631,14.467699999999997,1.9184999999999997,164.445,-6.142099999999998,1.002,166.28699999999998,-2.9419999999999997,0.9183,98.33999999999997,-0.12760000000000002,44.6367
107.741,-0.0123,0.5798000000000001,67.578,18.4666,1.0488,60.163999999999994,-2.2096,1.2172,67.277,0.4315999999999991,1.8209999999999997,154.763,-3.1567000000000003,2.6275999999999997,154.18099999999998,14.531899999999993,1.9981,163.64699999999996,-6.874600000000003,1.0341,163.105,-1.2450999999999999,1.0405,97.54400000000001,1.3667000000000002,44.68119999999999
102.59400000000001,0.02350000000000005,0.7832000000000001,88.443,14.004499999999998,0.9517,57.30500000000001,3.6374,1.2183,66.955,-4.7542,1.8377999999999997,151.05600000000004,1.6835000000000009,2.4946,148.60299999999998,27.854299999999995,2.3934,159.525,-32.5112,1.2764,157.31399999999996,1.9432000000000003,1.3033999999999997,97.15,-0.6394999999999998,46.06099999999999
90.16799999999999,0.0009999999999999922,0.7585000000000001,87.902,-1.1283000000000003,0.8351,32.205,6.973199999999999,1.1699,51.213,0.036200000000000294,2.1091000000000006,157.56300000000002,9.3676,2.033,152.966,27.7755,2.6501000000000006,164.532,-43.2059,1.2551,161.541,3.1241000000000008,1.3483,95.17400000000002,-1.3439,48.3614
78.47600000000001,0.035600000000000014,0.6376,85.21799999999999,-5.133499999999999,0.7570999999999999,25.886000000000003,12.501100000000001,1.2337999999999998,38.04,2.7548999999999997,1.8432,168.28099999999998,5.756800000000001,1.5497999999999998,165.84599999999998,11.4669,2.5147000000000004,170.65400000000002,-21.026799999999998,0.8534999999999999,168.78000000000003,6.186200000000001,0.7887,94.65899999999999,0.5742999999999997,51.68750000000001
78.812,0.014599999999999995,0.48310000000000003,84.55500000000002,-6.5945,0.7875999999999999,24.991999999999994,4.2058,1.1101,28.217000000000002,0.5936000000000001,1.4194999999999995,172.11400000000006,-6.7691,1.2513999999999998,169.51699999999997,6.3557,2.3019000000000003,173.38899999999998,-7.979299999999999,0.5792,172.521,4.9582,0.6186,93.63900000000001,0.7487999999999997,52.7457
74.08,-0.0114,0.3636,93.24,-2.3506999999999993,0.7515999999999999,25.529999999999994,9.190999999999999,1.197,20.689,-0.40460000000000007,1.1765,173.84900000000002,-0.20600000000000052,1.2408,171.43399999999997,-1.0258,2.2365999999999993,175.977,1.3086999999999995,0.4523,173.63499999999996,-0.18309999999999974,0.6692,92.65500000000002,1.4682999999999995,53.1586
80.18599999999999,-0.00610000000000001,0.2969,103.17400000000002,1.7579,0.6642000000000001,21.906999999999996,7.1574,0.9837,18.745,-3.688,0.9675,174.88899999999998,1.8741999999999996,1.0305,173.275,-0.23329999999999984,1.6317000000000002,176.89899999999997,0.28740000000000027,0.2017,173.983,1.2704999999999997,0.5338,91.30000000000004,1.6581000000000001,52.8008
75.13200000000002,0.005699999999999994,0.2803,117.179,1.1625999999999999,0.5697000000000001,18.858,7.3079,0.7612000000000001,21.998,-3.8718999999999992,1.0658,174.35200000000003,3.8342,1.1158000000000001,173.676,-0.4439999999999998,1.3851000000000002,176.61100000000005,0.779,0.22330000000000003,173.836,0.3566000000000002,0.5354,90.87199999999997,1.4862,50.000699999999995
69.145,0.0123,0.3563,130.774,2.4921999999999995,0.49229999999999996,15.252,4.3231,0.6436000000000002,22.293000000000003,-1.1142999999999998,1.0366,174.08300000000003,1.8170999999999997,1.1598,173.24099999999999,-1.1573999999999998,1.4793000000000003,176.328,1.5551000000000004,0.24780000000000005,174.87000000000003,0.3912999999999998,0.3888,92.62899999999999,1.9306999999999999,48.35460000000001
59.09700000000001,-0.0025999999999999977,0.4339,147.35299999999998,3.6665000000000005,0.4397,13.074000000000002,-0.4563999999999997,0.4452999999999999,22.726999999999997,0.04390000000000008,1.0247000000000002,175.86800000000002,1.1787,1.0844,174.328,0.9279,1.5009000000000001,177.53300000000002,-1.2034999999999996,0.27180000000000004,177.39500000000004,0.8280999999999998,0.27680000000000005,93.47400000000002,0.6995,46.02450000000001
64.97500000000001,0.012,0.45760000000000006,152.269,-0.04720000000000027,0.42390000000000005,16.256,-3.9465999999999997,0.6098,21.352000000000004,-0.3159,0.9978999999999999,175.83899999999997,2.6969,1.1523999999999999,174.25099999999995,-0.5147000000000002,1.5877000000000001,177.95399999999998,-0.8618000000000001,0.233,177.704,0.46739999999999987,0.2565,94.37899999999999,1.9022999999999997,47.4533
62.126999999999995,0.0012999999999999874,0.5441,137.80599999999998,-4.1313,0.4170999999999999,16.914,-2.7261,0.6424,25.145,-0.5204,1.1442,173.907,3.4302000000000006,1.0850000000000002,172.61100000000002,0.8340000000000001,1.4729,175.39800000000002,0.14060000000000003,0.3782,174.806,1.2167,0.37310000000000004,93.689,1.0458,47.72640000000001
67.532,-0.005900000000000003,0.5911,120.77099999999999,-4.487500000000001,0.4906000000000001,17.284,-2.0251000000000006,0.6741999999999999,27.006,0.29339999999999977,1.2173999999999998,174.22499999999997,3.6078999999999994,1.0171,173.20300000000003,4.2346,1.3135999999999999,175.43800000000002,-0.09669999999999987,0.3761,174.22100000000003,-1.6657,0.4379,92.571,1.4593,48.5867
61.105999999999995,-0.001499999999999998,0.6225999999999999,105.59099999999998,-6.401999999999999,0.5189,15.711000000000002,-1.6719,0.6317,28.604000000000006,-0.2781,1.3019000000000003,174.233,3.6705,1.0181999999999998,173.54499999999996,-1.2915999999999985,1.2181000000000002,175.25500000000002,-0.22570000000000046,0.3973,173.78499999999997,-0.5055999999999998,0.4857999999999999,91.72400000000002,1.2481000000000002,48.89050000000001
51.147,0.0008000000000000017,0.6364,108.479,-2.5846,0.5585,13.785,-2.7708000000000004,0.5637000000000001,27.664999999999992,-0.8020000000000003,1.2967999999999997,176.487,1.35,1.003,175.317,-1.7021999999999997,1.2967000000000002,177.35800000000003,1.0887000000000002,0.30700000000000005,176.59699999999998,-1.7432999999999996,0.3811,91.71600000000002,1.0430000000000001,49.29759999999998
50.179,-0.0028000000000000056,0.6198,105.999,0.7997,0.6051000000000001,14.054,-2.0408,0.5829,25.647,-1.3021,1.2658,176.449,1.712,1.0541000000000003,175.08200000000005,-3.6930999999999994,1.4267999999999998,177.784,2.4072000000000005,0.2725,177.87099999999995,-2.4547999999999996,0.25880000000000003,92.76900000000003,0.3881,50.1818
40.982,-0.0010000000000000002,0.6894999999999999,98.564,4.454699999999999,0.5309,13.433000000000003,-2.1399999999999997,0.5135000000000001,26.727000000000004,-0.9540000000000003,1.2597,176.39700000000002,-5.7715,1.0495,174.57199999999997,-0.3533000000000001,1.5558999999999998,177.41899999999998,-2.3770000000000007,0.3148,178.005,-1.6127999999999998,0.24419999999999994,93.49700000000001,0.1549,49.288199999999996
40.25399999999999,0.016700000000000007,0.7997999999999998,75.64399999999999,0.8128999999999996,0.3861999999999999,14.208999999999998,-0.47590000000000005,0.4850000000000001,28.35,0.5282999999999999,1.2054,176.014,-3.5720999999999985,0.8224000000000001,173.21599999999998,-1.8853000000000002,1.5120000000000002,175.558,-2.3015999999999996,0.5408999999999999,174.326,0.9688000000000005,0.622,92.87499999999999,-1.0664,48.26210000000001
65.741,-0.002200000000000007,0.7553000000000002,74.34400000000001,2.1638999999999995,0.48,20.561,11.2513,0.8610000000000001,32.452999999999996,-0.17639999999999986,1.4880999999999998,166.666,-12.7601,1.0767,165.94,-0.44839999999999997,2.0157,170.32499999999996,-6.6803,0.8567000000000001,166.88199999999998,9.1222,0.9686999999999998,92.10899999999998,-2.1683999999999997,48.89109999999999
66.896,0.0016999999999999982,0.6888999999999998,63.376,-1.46,0.48290000000000005,20.742000000000004,11.3003,0.8689,34.08599999999999,-0.562,1.4910000000000003,165.452,-7.2664,1.1363999999999999,162.618,-8.810300000000002,1.8566999999999998,167.80299999999997,-5.4639999999999995,0.9933000000000001,159.878,8.4068,1.3111000000000002,90.20300000000002,-1.1600999999999997,48.0661
63.172000000000004,0.008099999999999996,0.6114999999999999,72.58900000000001,1.1683999999999997,0.5493,20.71,11.9954,0.8509,30.662000000000003,-1.4972999999999999,1.3634,162.033,-7.793799999999999,1.2397,161.94400000000002,-8.953800000000001,1.6886999999999999,164.76,-6.688199999999999,0.9352000000000001,158.549,7.2912,1.3012000000000004,88.8,-1.0574999999999997,48.0009
53.498000000000005,0.013099999999999992,0.6351,60.61599999999999,-3.8013,0.4462,19.321,1.1089000000000002,0.6394000000000001,30.116,-1.7831000000000006,1.1922,157.778,-0.3658000000000007,1.1058,161.264,-5.291100000000001,1.3494,155.93599999999998,-7.4325,1.1613,153.86200000000002,8.2266,1.7612999999999999,87.43300000000004,0.7742000000000001,46.61599999999999
44.481,0.006399999999999997,0.6322000000000001,68.497,0.43919999999999987,0.4534,19.456999999999997,-1.1467999999999998,0.6174,26.035999999999998,-1.9704999999999995,0.9954999999999998,159.002,1.0080999999999989,1.0865,165.12599999999998,-0.715,1.2919,157.90299999999996,-1.9199000000000002,1.0613,159.08799999999997,5.214600000000001,1.5801999999999996,87.949,0.7077,47.3071
43.42099999999999,-0.0008999999999999964,0.5924,81.24599999999998,-0.6228999999999999,0.40149999999999997,19.654000000000003,-3.2937,0.606,27.101,-0.8129000000000002,1.0203,160.03699999999998,0.08379999999999996,0.9831,165.197,-0.30620000000000025,1.3955000000000004,159.76700000000002,-0.6224000000000004,0.8627000000000001,161.399,4.5012,1.328,89.74900000000001,0.7366000000000001,46.98619999999999
46.46799999999999,0.0082,0.46380000000000005,100.712,1.9109999999999996,0.45959999999999995,17.152,-1.8147,0.6224000000000001,24.580000000000005,3.1553000000000004,0.9997,171.72299999999998,-1.0695000000000001,0.9283000000000001,172.30500000000004,5.4677999999999995,1.2437,172.19999999999996,0.13010000000000063,0.4323,170.111,2.918300000000001,0.8464999999999999,90.38799999999999,1.5981,48.108900000000006
57.224,-0.006900000000000009,0.3892999999999999,113.528,-0.029800000000000076,0.5320999999999999,14.782000000000004,-0.3240000000000001,0.5946,26.166999999999998,4.8031,1.1486,176.55199999999994,-2.978700000000001,0.9157,176.02100000000002,4.475,1.1256999999999997,178.41800000000003,-1.8365999999999998,0.1844,175.32799999999995,-0.8180999999999995,0.5073000000000001,91.508,2.5452999999999992,49.277799999999985
81.291,0.004699999999999987,0.34130000000000005,121.08300000000001,-0.8707000000000005,0.5579999999999999,16.203999999999997,-0.24070000000000022,0.7138,24.923999999999996,4.3174,1.1784999999999999,175.74400000000003,-2.8875,1.1569,176.28,5.4780999999999995,1.0735999999999999,178.02700000000002,-1.8664999999999998,0.22389999999999996,174.76899999999998,-1.0817999999999994,0.5524,91.683,2.8656999999999995,49.898900000000005
118.31,0.0061999999999999954,0.4202,133.127,0.48750000000000004,0.5813999999999999,20.129000000000005,0.39999999999999986,0.9494,25.355,2.3514,1.2481000000000002,175.25200000000004,0.8606999999999998,1.3216999999999999,175.612,4.171799999999999,1.2744,177.66,-2.8415999999999997,0.2737,175.62099999999998,1.5351,0.47519999999999996,92.816,1.97,50.05
129.606,0.0108,0.49300000000000005,142.91899999999998,-1.1647999999999998,0.4850000000000001,25.163,-0.008800000000000025,1.1766,23.246,0.06030000000000005,1.1208999999999998,174.32100000000003,1.2017999999999998,1.5793999999999997,175.143,2.0242999999999998,1.3684999999999996,177.334,-1.2392999999999998,0.309,175.56300000000002,0.2437999999999999,0.4913,94.12899999999999,0.3892,48.6879
152.60399999999998,-0.0034999999999999988,0.6083999999999999,154.32,-0.0992000000000001,0.5284,31.441000000000003,-0.6409999999999999,1.4929000000000001,23.006999999999994,0.5646,1.1596,174.17899999999997,0.4948,1.6445000000000005,174.25699999999998,-0.18749999999999997,1.6127,177.28899999999993,-0.8712000000000001,0.32439999999999997,176.93200000000004,0.44409999999999994,0.3737,95.728,0.07089999999999998,49.04740000000001
152.257,0.0007000000000000003,0.6123,154.00199999999998,-0.05600000000000008,0.5254999999999999,30.856000000000005,-0.563,1.4972999999999999,22.831,0.9041000000000001,1.1593,174.55599999999998,0.17900000000000002,1.5247,173.87399999999997,-0.16570000000000004,1.7071999999999996,176.97799999999998,-0.20929999999999999,0.35620000000000007,176.84599999999998,-0.006899999999999975,0.37749999999999995,95.69,-0.0708,49.16720000000001
152.97699999999998,0.002,0.5975,151.19899999999998,-0.09700000000000002,0.5766,30.41,0.1143999999999999,1.4433999999999998,24.262999999999998,0.6211000000000001,1.2206000000000001,173.94899999999998,-0.13899999999999996,1.6359000000000001,173.618,-0.4868,1.7486,176.94799999999998,0.1454,0.34630000000000005,176.9,-0.3245,0.3571000000000001,96.96700000000001,-0.20429999999999995,48.3027
153.454,-0.00040000000000000105,0.5871,150.34500000000003,0.7637999999999999,0.599,30.099,-0.19230000000000003,1.4273999999999998,23.995999999999995,0.5027000000000001,1.2307000000000001,172.82999999999993,-0.10009999999999994,1.9016,174.063,-0.8481000000000001,1.6392999999999998,176.30900000000003,0.02379999999999999,0.41529999999999995,176.41499999999996,-0.26480000000000004,0.4096,98.44400000000002,-0.41059999999999997,47.6774
153.08800000000002,-0.0007999999999999993,0.5841000000000001,148.51500000000001,0.7609,0.6265999999999999,30.818,0.14690000000000006,1.4089,25.103000000000005,0.5145000000000001,1.2637,172.01799999999994,0.043499999999999976,2.0699000000000005,173.657,-0.9621999999999999,1.7259,176.39200000000005,0.5131,0.3964000000000001,176.81699999999998,0.029500000000000047,0.35300000000000004,100.24799999999999,-0.4921000000000001,46.58080000000001
152.15699999999998,-0.008,0.5069,141.845,1.6670000000000003,0.6728000000000001,29.892000000000003,-0.2626,1.3105999999999998,26.266000000000005,-0.7499000000000001,1.3424000000000005,171.21,0.6631,1.9514000000000002,172.30200000000005,0.6167999999999999,1.7172,174.35199999999998,0.956,0.604,174.76,0.5731999999999999,0.5496,98.015,-0.7868,46.750899999999994
